Keyword,Affinity
What are the 5 principles of lean manufacturing?,92
What are the 5 principles of lean?,73.6
What are the 5 principles and 8 wastes of lean manufacturing?,73.6
What happened to Invensys shares?,64.4
Is C++ used in PLC?,64.4
Can I use Python for PLC?,64.4
What are the 4 types of industrial automation?,55.2
Is Invensys still in business?,55.2
What are the 3 major systems used in industrial automation?,55.2
What is the revenue of B&R Industrial Automation?,55.2
What are the 4 P's of lean manufacturing?,55.2
What does MES stand for?,46
What are the Industry 4.0 standards?,46
Is Industry 4.0 still relevant?,46
What are the four types of industrial automation?,46
Is B&R Automation Studio free?,46
What does B&R automation stand for?,46
Is B&R owned by ABB?,46
What are the 5 steps of PLC?,46
What is the ASME standard for GD&T?,46
What is the ASME IX boiler and pressure vessel code?,46
What is the difference between IO-Link master and hub?,36.8
How do I connect to IO-Link?,36.8
Is FactoryTalk an MES?,36.8
What does Mitsubishi Electric Automation do?,36.8
What does a control system integrator do?,36.8
What are the 3 types of PLC?,36.8
Who founded HMS networks?,36.8
Who bought Invensys?,36.8
When did Schneider buy Invensys?,36.8
What is Vantage Point server?,36.8
What is the next big thing in automation?,36.8
How do you manage high mix low volume manufacturing?,36.8
What is Honeywell control system?,36.8
What does B&R industrial automation do?,36.8
What are the six 6 basics of lean production?,36.8
What are the 7 steps in lean manufacturing?,36.8
Who are the big four in robotics?,36.8
What are the 6 major types of industry robot?,36.8
What does Galco do?,36.8
How do I email Galco customer service?,36.8
What is Rockwell Vantage Point?,36.8
What does the ASME stand for?,36.8
Where is Honeywell HPS located?,36.8
What does ASME stand for?,36.8
Where is the Rockwell Automation Fair in 2023?,36.8
What does ASME certified mean?,36.8
Which programming language is used in PLC?,36.8
What are the 5 languages of PLC?,36.8
What is Honeywell DCS?,36.8